time,weight,height,bmi,fatRate,bodyWaterRate,boneMass,metabolism,muscleRate,visceralFat
2021-07-27 10:29:12+0000,86.4,181.0,26.3,25.80774,50.89589,3.267482,1837.0,60.834633,10.0
2021-07-27 18:08:11+0000,86.0,181.0,26.2,25.635216,51.01424,3.2598276,1831.0,60.693886,10.0
2021-07-28 09:57:35+0000,85.65,181.0,26.1,25.739973,50.94238,3.2417746,1826.0,60.36194,10.0
2021-07-28 12:56:51+0000,85.0,181.0,25.9,25.456808,51.13663,3.2292922,1816.0,60.132423,10.0
2021-07-28 13:31:04+0000,85.4,181.0,26.0,25.194246,51.316746,3.2562377,1822.0,60.627876,10.0
2021-07-28 13:40:30+0000,85.4,181.0,26.0,25.218134,51.30036,3.2551854,1822.0,60.60853,10.0
2021-07-28 16:05:41+0000,85.95,181.0,26.2,25.737156,50.944313,3.2533903,1830.0,60.575523,10.0
2021-07-29 07:22:34+0000,85.8,181.0,26.1,25.7346,50.946064,3.247758,1828.0,60.47196,10.0
2021-07-29 08:20:33+0000,85.8,181.0,26.1,25.639496,51.011307,3.251967,1828.0,60.549347,10.0
2021-07-29 09:36:46+0000,86.25,181.0,26.3,null,null,null,null,null,null
2021-07-29 12:03:27+0000,85.85,181.0,26.2,25.870106,50.853107,3.2436728,1829.0,60.39684,10.0
2021-07-29 19:00:51+0000,86.3,181.0,26.3,25.845524,50.86997,3.2619734,1836.0,60.73334,10.0
2021-07-29 20:30:20+0000,85.75,181.0,26.1,25.820974,50.88681,3.2420223,1827.0,60.366493,10.0
2021-07-29 22:17:22+0000,86.15,181.0,26.2,26.040495,50.73622,3.2475722,1833.0,60.46854,10.0
2021-07-30 08:37:56+0000,85.5,181.0,26.0,25.737411,50.944138,3.2361422,1824.0,60.258373,10.0
2021-07-30 12:24:12+0000,84.75,181.0,25.8,25.435617,51.151165,3.220606,1813.0,59.972706,10.0
2021-07-30 12:25:11+0000,84.75,181.0,25.8,25.427595,51.15667,3.220957,1813.0,59.979156,10.0
2021-07-30 13:36:18+0000,85.3,181.0,26.0,25.67818,50.984768,3.2310872,1821.0,60.16543,10.0
2021-07-30 14:48:31+0000,84.85,181.0,25.8,25.325499,51.226707,3.2292717,1814.0,60.132042,10.0
2021-07-30 17:56:42+0000,85.15,181.0,25.9,25.49981,51.107132,3.233171,1819.0,60.203743,10.0
2021-07-31 00:59:51+0000,85.45,181.0,26.0,25.03626,51.425125,3.26513,1823.0,60.79138,10.0
2021-08-01 22:11:19+0000,85.85,181.0,26.2,25.363174,51.200863,3.2661204,1829.0,60.809593,10.0
2021-08-02 11:12:54+0000,84.85,181.0,25.8,25.333513,51.22121,3.228921,1814.0,60.12559,10.0
2021-08-02 11:58:48+0000,84.4,181.0,25.7,25.130198,51.360683,3.220441,1807.0,59.969673,9.0
2021-08-02 19:21:28+0000,85.6,181.0,26.1,25.786781,50.910267,3.2377927,1825.0,60.28872,10.0
2021-08-03 17:26:53+0000,85.35,181.0,26.0,25.113398,51.372208,3.2578676,1822.0,60.657845,10.0
2021-08-04 12:28:06+0000,84.35,181.0,25.7,25.306326,51.23986,3.2108471,1807.0,59.793266,9.0
2021-08-06 10:01:08+0000,84.45,181.0,25.7,25.558182,51.067085,3.2037292,1808.0,59.662384,10.0
2021-08-06 21:19:42+0000,84.75,181.0,25.8,25.491783,51.112637,3.218151,1813.0,59.927563,10.0
2021-08-06 21:51:42+0000,84.5,181.0,25.7,24.93951,51.491497,3.232614,1809.0,60.1935,10.0
2021-08-07 10:52:23+0000,84.05,181.0,25.6,25.178213,51.327747,3.2048433,1802.0,59.682873,9.0
2021-08-07 20:18:34+0000,85.3,181.0,26.0,25.064346,51.405857,3.2580945,1821.0,60.66202,10.0
2021-08-08 08:19:46+0000,84.9,181.0,25.9,25.598925,51.03914,3.219224,1815.0,59.947292,10.0
2021-08-09 07:17:55+0000,84.3,181.0,25.7,25.151943,51.345768,3.2156339,1806.0,59.88128,9.0
2021-08-09 13:04:07+0000,83.55,181.0,25.5,25.084724,51.39188,3.1895757,1795.0,59.402138,9.0
2021-08-09 16:05:46+0000,85.05,181.0,25.9,25.297928,51.24562,3.2381847,1817.0,60.29593,10.0
2021-08-10 09:16:45+0000,84.1,181.0,25.6,24.847902,51.55434,3.2211013,1803.0,59.98181,9.0
2021-08-10 14:16:08+0000,85.4,181.0,26.0,25.23406,51.289436,3.254484,1822.0,60.59563,10.0
2021-08-10 22:55:40+0000,85.3,181.0,26.0,25.670208,50.99024,3.231438,1821.0,60.171875,10.0
2021-08-11 09:01:58+0000,85.2,181.0,26.0,25.708315,50.964096,3.2259293,1819.0,60.070583,10.0
2021-08-11 10:05:43+0000,84.15,181.0,25.6,25.196775,51.31501,3.207897,1804.0,59.739017,9.0
2021-08-11 10:05:49+0000,84.0,181.0,25.6,null,null,null,null,null,null
2021-08-12 16:21:48+0000,84.35,181.0,25.7,25.064476,51.40577,3.2213695,1807.0,59.986744,9.0
2021-08-13 12:43:03+0000,84.35,181.0,25.7,24.854874,51.549557,3.2304888,1807.0,60.154423,9.0
2021-08-14 17:30:45+0000,85.1,181.0,25.9,24.971428,51.4696,3.2544427,1818.0,60.59487,10.0
2021-08-14 18:39:26+0000,84.65,181.0,25.8,24.92745,51.499767,3.238948,1811.0,60.309967,10.0
2021-08-15 21:36:38+0000,85.2,181.0,26.0,25.54869,51.073597,3.232944,1819.0,60.19957,10.0
2021-08-16 09:05:58+0000,84.25,181.0,25.7,25.070013,51.40197,3.2172637,1805.0,59.91125,9.0
2021-08-18 13:24:34+0000,83.65,181.0,25.5,24.884026,51.52956,3.2020993,1796.0,59.632416,9.0
2021-08-30 07:06:30+0000,84.3,181.0,25.7,25.014812,51.43984,3.2215965,1806.0,59.990917,9.0
2021-09-01 16:52:37+0000,85.25,181.0,26.0,25.517756,51.09482,3.2362247,1820.0,60.259888,10.0
2021-09-10 10:40:22+0000,83.9,181.0,25.6,24.94766,51.485905,3.2090316,1800.0,59.759884,9.0
2021-09-10 10:40:23+0000,83.9,181.0,25.6,24.94766,51.485905,3.2090316,1800.0,59.759884,9.0
2021-09-10 10:40:58+0000,83.9,181.0,25.6,24.955765,51.480347,3.2086809,1800.0,59.753433,9.0
2021-09-14 09:30:07+0000,85.05,181.0,25.9,25.305923,51.240135,3.237834,1817.0,60.289482,10.0
2021-09-14 09:30:26+0000,85.15,181.0,25.9,null,null,null,null,null,null
2021-09-15 20:50:09+0000,86.4,181.0,26.3,25.62672,51.02007,3.2755492,1837.0,60.982964,10.0
2021-09-17 17:49:29+0000,84.75,181.0,25.8,25.186886,51.321796,3.2314792,1813.0,60.172634,10.0
2021-09-19 11:54:32+0000,83.5,181.0,25.4,24.627409,51.705597,3.2073398,1794.0,59.728775,9.0
2021-09-19 14:25:36+0000,85.2,181.0,26.0,25.500803,51.10645,3.2350485,1819.0,60.238266,10.0
2021-09-20 10:31:26+0000,83.55,181.0,25.5,24.7022,51.654293,3.2060606,1795.0,59.705254,9.0
2021-09-28 16:49:48+0000,86.35,181.0,26.3,25.877806,50.847824,3.2624478,1836.0,60.742065,10.0
2021-09-29 09:50:19+0000,85.4,181.0,26.0,25.568485,51.06002,3.2397528,1822.0,60.32476,10.0
2021-10-03 12:44:01+0000,85.7,181.0,26.1,25.383762,51.186737,3.2594357,1827.0,60.686676,10.0
2021-10-07 10:13:30+0000,84.9,181.0,25.9,25.39869,51.1765,3.2279925,1815.0,60.10852,10.0
2021-10-11 18:42:18+0000,85.9,181.0,26.2,null,null,null,null,null,null
2021-10-11 18:54:55+0000,85.65,181.0,26.1,25.279493,51.258266,3.2621179,1826.0,60.735996,10.0
2021-10-15 11:53:38+0000,84.9,181.0,25.9,25.478783,51.121555,3.224485,1815.0,60.04403,10.0
2021-10-15 17:56:00+0000,84.7,181.0,25.8,25.233866,51.289566,3.2274973,1812.0,60.099415,10.0
2021-10-19 14:47:19+0000,85.6,181.0,26.1,25.51669,51.09555,3.249718,1825.0,60.507996,10.0
2021-10-21 11:49:21+0000,85.4,181.0,26.0,25.67996,50.983547,3.2348423,1822.0,60.23447,10.0
2021-10-21 16:18:10+0000,87.05,181.0,26.5,26.169659,50.647614,3.2761064,1847.0,60.99321,10.0
2021-10-21 19:16:40+0000,87.15,181.0,26.6,26.006985,50.75921,3.287227,1848.0,61.19769,10.0
2021-10-21 19:17:07+0000,87.35,181.0,26.6,26.103132,50.693253,3.290528,1851.0,61.258385,10.0
2021-10-29 19:37:12+0000,83.35,181.0,25.4,23.847733,52.240456,3.235028,1792.0,60.237885,9.0
2021-11-02 12:23:20+0000,84.1,181.0,25.6,24.953014,51.48223,3.2165418,1803.0,59.897972,9.0
2021-11-03 10:53:59+0000,83.8,181.0,25.5,24.74211,51.626915,3.2140453,1798.0,59.85207,9.0
2021-11-05 15:51:57+0000,83.65,181.0,25.5,24.875896,51.535137,3.20245,1796.0,59.638863,9.0
2021-11-12 10:43:40+0000,83.55,181.0,25.5,24.856836,51.54821,3.1993966,1795.0,59.582718,9.0
2021-11-12 10:43:58+0000,83.35,181.0,25.4,24.753311,51.61923,3.1960952,1792.0,59.52202,9.0
2021-11-14 15:30:29+0000,83.7,181.0,25.5,24.861032,51.54533,3.205029,1797.0,59.686283,9.0
2021-11-15 10:41:05+0000,83.2,181.0,25.3,24.389284,51.86895,3.2058954,1789.0,59.702217,9.0
2021-11-17 10:41:39+0000,84.05,181.0,25.6,24.9355,51.494247,3.2153656,1802.0,59.87635,9.0
2021-11-19 11:44:26+0000,83.55,181.0,25.5,24.604534,51.72129,3.2102697,1795.0,59.782646,9.0
2021-11-23 18:14:20+0000,84.4,181.0,25.7,25.041573,51.421482,3.2242994,1807.0,60.040615,9.0
2021-11-25 10:36:48+0000,83.85,181.0,25.5,24.79223,51.59253,3.2138183,1799.0,59.847897,9.0
2021-11-30 12:10:35+0000,84.3,181.0,25.7,25.079344,51.39557,3.2187905,1806.0,59.939323,9.0
2021-12-01 12:48:47+0000,83.9,181.0,25.6,24.955765,51.480347,3.2086809,1800.0,59.753433,9.0
2021-12-06 11:57:49+0000,84.35,181.0,25.7,24.88712,51.527435,3.229086,1807.0,60.128628,9.0
2021-12-21 20:22:00+0000,84.5,181.0,25.7,24.842943,51.557743,3.2368228,1809.0,60.27089,10.0
2021-12-21 20:22:31+0000,83.6,181.0,25.5,24.51661,51.781605,3.2160053,1795.0,59.888107,9.0
2021-12-30 14:11:57+0000,84.9,181.0,25.9,null,null,null,null,null,null
2021-12-30 14:12:31+0000,84.0,181.0,25.6,24.909864,51.511833,3.2145405,1801.0,59.86117,9.0
2022-01-03 12:38:21+0000,85.15,181.0,25.9,25.587654,51.04687,3.229313,1819.0,60.1328,10.0
2022-01-03 19:12:36+0000,84.5,181.0,25.7,24.842943,51.557743,3.2368228,1809.0,60.27089,10.0
2022-01-06 10:28:32+0000,83.65,181.0,25.5,24.83525,51.56302,3.2042038,1796.0,59.671112,9.0
2022-01-07 00:26:41+0000,85.7,181.0,26.1,null,null,null,null,null,null
2022-01-09 14:33:29+0000,83.85,181.0,25.5,24.905767,51.514645,3.2089078,1799.0,59.757607,9.0
2022-01-10 19:48:26+0000,83.8,181.0,25.5,24.376955,51.87741,3.2298288,1798.0,60.142284,9.0
2022-01-11 12:39:04+0000,82.05,181.0,25.0,23.852636,52.23709,3.1837575,1772.0,59.29516,9.0
2022-01-11 12:40:06+0000,82.0,181.0,25.0,null,null,null,null,null,null
2022-01-11 12:41:09+0000,82.9,181.0,25.3,24.379116,51.875927,3.1946306,1785.0,59.495083,9.0
2022-01-11 18:37:11+0000,83.4,181.0,25.4,24.396027,51.864326,3.2134056,1792.0,59.84031,9.0
2022-01-13 11:53:01+0000,82.9,181.0,25.3,24.329899,51.909687,3.196735,1785.0,59.53378,9.0
2022-01-14 08:58:24+0000,82.9,181.0,25.3,24.321697,51.915318,3.1970856,1785.0,59.54023,9.0
2022-01-14 19:38:27+0000,85.05,181.0,25.9,null,null,null,null,null,null
2022-01-15 13:18:53+0000,84.4,181.0,25.7,24.936832,51.493332,3.228859,1807.0,60.124454,9.0
2022-01-15 13:24:30+0000,83.4,181.0,25.4,24.428642,51.841953,3.2120028,1792.0,59.81451,9.0
2022-01-16 13:01:11+0000,84.9,181.0,25.9,24.950161,51.484188,3.2476342,1815.0,60.46968,10.0
2022-01-16 13:01:21+0000,84.8,181.0,25.8,null,null,null,null,null,null
2022-01-17 11:58:33+0000,84.15,181.0,25.6,24.73617,51.63099,3.2278893,1804.0,60.106625,9.0
2022-01-18 12:03:25+0000,82.85,181.0,25.2,24.360996,51.888355,3.1934545,1784.0,59.473457,9.0
2022-01-18 12:03:57+0000,82.25,181.0,25.1,23.984785,52.14644,3.1860063,1775.0,59.336506,9.0
2022-01-19 11:21:57+0000,83.0,181.0,25.3,24.423477,51.845493,3.196632,1786.0,59.531883,9.0
2022-01-20 00:26:02+0000,83.35,181.0,25.4,24.125118,52.05017,3.2231026,1792.0,60.018612,9.0
2022-01-20 11:16:55+0000,82.3,181.0,25.1,23.970215,52.156433,3.1885853,1776.0,59.38393,9.0
2022-01-20 11:35:40+0000,81.8,181.0,24.9,23.568077,52.4323,3.1859446,1769.0,59.33537,9.0
2022-01-20 21:53:49+0000,82.8,181.0,25.2,23.915806,52.193756,3.2105172,1783.0,59.787197,9.0
2022-01-24 22:34:35+0000,83.15,181.0,25.3,24.101368,52.066463,3.216294,1789.0,59.89342,9.0
2022-01-25 10:49:13+0000,81.5,181.0,24.8,23.42121,52.53305,3.1802912,1764.0,59.231422,9.0
2022-01-26 10:01:23+0000,81.5,181.0,24.8,23.529676,52.45864,3.1757317,1764.0,59.147583,9.0
2022-01-27 10:04:56+0000,81.25,181.0,24.8,23.392845,52.55251,3.171605,1760.0,59.07171,9.0
2022-01-27 20:23:41+0000,81.55,181.0,24.8,23.298452,52.617264,3.18743,1765.0,59.362686,9.0
2022-01-28 09:35:55+0000,80.9,181.0,24.6,23.208265,52.67913,3.1654775,1755.0,58.959038,9.0
2022-01-29 11:42:31+0000,82.0,181.0,25.0,null,null,null,null,null,null
2022-01-31 10:50:44+0000,82.35,181.0,25.1,null,null,null,null,null,null
2022-01-31 10:55:54+0000,82.2,181.0,25.0,23.850468,52.23858,3.1897407,1775.0,59.40517,9.0
2022-02-02 13:03:53+0000,81.95,181.0,25.0,null,null,null,null,null,null
2022-02-03 10:41:13+0000,81.5,181.0,24.8,23.41262,52.53894,3.1806524,1755.0,59.23806,9.0
2022-02-04 11:33:41+0000,80.75,181.0,24.6,23.09113,52.759487,3.164415,1744.0,58.9395,9.0
2022-02-08 17:47:50+0000,81.65,181.0,24.9,23.061466,52.779835,3.201367,1757.0,59.618946,9.0
2022-02-11 01:14:17+0000,81.65,181.0,24.9,null,null,null,null,null,null
2022-02-15 11:57:00+0000,79.75,181.0,24.3,22.95434,52.85332,3.130372,1729.0,58.31354,9.0
2022-02-16 12:15:27+0000,78.75,181.0,24.0,22.641378,53.068012,3.1033442,1714.0,57.81657,9.0
2022-02-17 23:29:57+0000,80.5,181.0,24.5,22.892529,52.895725,3.1627438,1740.0,58.90877,9.0
2022-02-19 11:32:01+0000,80.15,181.0,24.4,22.975529,52.838787,3.1453922,1735.0,58.58972,9.0
2022-02-22 14:42:36+0000,79.9,181.0,24.3,22.613375,53.087223,3.1503851,1731.0,58.68153,9.0
2022-02-24 14:46:12+0000,79.3,181.0,24.2,22.235672,53.34633,3.1418848,1722.0,58.52523,9.0
2022-02-27 21:08:22+0000,81.9,181.0,24.9,null,null,null,null,null,null
2022-03-05 14:10:39+0000,79.05,181.0,24.1,22.469435,53.185966,3.1223257,1719.0,58.16559,9.0
2022-03-06 12:35:11+0000,79.05,181.0,24.1,22.245779,53.339397,3.131445,1719.0,58.33327,9.0
2022-03-13 10:52:06+0000,79.45,181.0,24.2,22.416218,53.222473,3.1405025,1725.0,58.49981,9.0
2022-03-14 11:38:25+0000,79.35,181.0,24.2,22.367342,53.256004,3.1385012,1723.0,58.463013,9.0
2022-03-22 11:10:12+0000,79.0,181.0,24.1,22.044666,53.47736,3.1376345,1718.0,58.44708,9.0
2022-03-25 12:49:48+0000,78.1,181.0,23.8,21.776295,53.66146,3.1122572,1704.0,57.980457,9.0
2022-03-30 13:27:53+0000,77.75,181.0,23.7,21.821848,53.630215,3.0963087,1699.0,57.687206,9.0
2022-05-20 15:27:01+0000,78.25,181.0,23.8,21.873592,53.594715,3.1143823,1707.0,58.01953,9.0
2022-07-15 20:01:25+0000,82.2,181.0,25.0,23.477962,52.494118,3.2055345,1766.0,59.69558,9.0
2022-07-15 20:02:18+0000,82.0,181.0,25.0,23.369373,52.56861,3.2022333,1763.0,59.63488,9.0
2022-07-18 18:47:57+0000,83.45,181.0,25.4,23.949293,52.170784,3.2345843,1784.0,60.22973,10.0
2022-07-18 18:48:39+0000,83.45,181.0,25.4,23.96559,52.159607,3.233883,1784.0,60.21683,10.0
2022-07-18 20:04:29+0000,83.2,181.0,25.3,24.127506,52.04853,3.2171297,1780.0,59.908783,10.0
2022-07-19 12:31:52+0000,81.9,181.0,24.9,23.713415,52.332596,3.183747,1761.0,59.294968,9.0
2022-07-20 10:55:53+0000,81.25,181.0,24.8,23.660414,52.368958,3.1603918,1751.0,58.86552,9.0
2022-07-21 12:18:17+0000,82.3,181.0,25.1,23.870823,52.224617,3.1928046,1767.0,59.46151,9.0
2022-07-22 15:28:56+0000,81.7,181.0,24.9,23.696554,52.344162,3.1765878,1758.0,59.163326,9.0
2022-07-30 16:55:06+0000,80.8,181.0,24.6,23.060009,52.780834,3.1676955,1745.0,58.99982,9.0
2022-08-02 19:52:20+0000,81.25,181.0,24.8,23.409336,52.541195,3.170914,1751.0,59.059,9.0
2022-08-04 10:15:11+0000,80.5,181.0,24.5,23.095263,52.75665,3.154326,1740.0,58.753986,9.0
2022-08-07 16:17:26+0000,79.95,181.0,24.4,22.420618,53.219456,3.1603298,1732.0,58.864384,9.0
2022-08-25 01:57:28+0000,81.6,181.0,24.9,23.642262,52.38141,3.1749372,1757.0,59.132977,9.0
2022-09-20 23:58:07+0000,82.4,181.0,25.1,24.089426,52.074654,3.1874402,1769.0,59.362873,9.0
2022-09-20 23:58:20+0000,82.55,181.0,25.1,null,null,null,null,null,null
2023-03-02 18:21:40+0000,89.7,181.0,27.3,27.450485,49.768967,3.3177621,1868.0,61.75915,10.0
2023-03-02 18:22:14+0000,86.75,181.0,26.4,25.906958,50.827827,3.2764363,1824.0,60.99928,10.0
2023-03-14 03:07:22+0000,87.45,181.0,26.6,26.3061,50.554016,3.2851844,1835.0,61.16013,10.0
2023-03-22 12:29:07+0000,85.3,181.0,26.0,25.75743,50.930405,3.2276006,1803.0,60.101315,10.0
2023-03-27 11:58:51+0000,87.1,181.0,26.5,null,null,null,null,null,null
2023-03-28 13:13:03+0000,86.25,181.0,26.3,26.143867,50.665306,3.2467883,1817.0,60.454124,10.0
2023-03-29 19:03:09+0000,85.8,181.0,26.1,25.417118,51.163857,3.2618084,1810.0,60.730305,10.0
2023-04-01 13:58:50+0000,87.6,181.0,26.7,26.610373,50.345284,3.2771378,1837.0,61.012177,10.0
2023-04-01 18:40:48+0000,87.7,181.0,26.7,26.463722,50.445885,3.287557,1839.0,61.203754,10.0
2023-04-02 15:07:12+0000,87.3,181.0,26.6,26.047523,50.7314,3.2911265,1833.0,61.26939,10.0
2023-04-03 09:16:55+0000,86.95,181.0,26.5,26.277498,50.573635,3.2674613,1827.0,60.83425,10.0
2023-04-03 18:24:30+0000,86.95,181.0,26.5,26.136728,50.670204,3.2737749,1827.0,60.950336,10.0
2023-04-03 18:24:34+0000,86.95,181.0,26.5,26.136728,50.670204,3.2737749,1827.0,60.950336,10.0
2023-04-04 09:58:51+0000,86.05,181.0,26.2,26.299463,50.558567,3.2322633,1814.0,60.18705,10.0
2023-04-04 10:06:11+0000,85.55,181.0,26.1,26.023949,50.74757,3.2254136,1807.0,60.0611,10.0
2023-04-04 10:41:43+0000,85.55,181.0,26.1,25.221142,51.298298,3.2608387,1807.0,60.712475,10.0
2023-04-05 11:07:49+0000,86.3,181.0,26.3,25.955374,50.794613,3.2570837,1818.0,60.643433,10.0
2023-04-05 14:55:23+0000,88.65,181.0,27.0,27.077593,50.02477,3.295521,1853.0,61.350193,10.0
2023-04-06 09:33:37+0000,87.35,181.0,26.6,26.709887,50.27702,3.2631905,1833.0,60.755722,10.0
2023-04-06 17:48:25+0000,86.95,181.0,26.5,26.17583,50.64338,3.272021,1827.0,60.91809,10.0
2023-04-09 10:33:35+0000,86.65,181.0,26.4,26.250763,50.591976,3.2572486,1823.0,60.646465,10.0
2023-04-12 00:34:54+0000,86.65,181.0,26.4,26.031029,50.742714,3.2670696,1823.0,60.827045,10.0
2023-04-12 00:35:01+0000,86.5,181.0,26.4,null,null,null,null,null,null
2023-04-13 12:27:58+0000,87.4,181.0,26.6,25.877674,50.847916,3.3025978,1834.0,61.480316,10.0
2023-04-17 11:29:26+0000,88.65,181.0,27.0,26.970205,50.09844,3.3004315,1853.0,61.440483,10.0
2023-04-18 09:33:30+0000,86.65,181.0,26.4,26.117353,50.683495,3.2632113,1823.0,60.756104,10.0
2023-04-18 21:15:07+0000,86.75,181.0,26.4,25.734509,50.94613,3.2841527,1824.0,61.141163,10.0
2023-04-19 10:06:52+0000,88.0,181.0,26.8,26.58987,50.35935,3.2932103,1843.0,61.307705,10.0
2023-04-19 10:13:54+0000,87.35,181.0,26.6,26.27394,50.576077,3.2828324,1833.0,61.116882,10.0
2023-04-19 10:14:14+0000,87.45,181.0,26.6,26.313877,50.54868,3.2848337,1835.0,61.15368,10.0
2023-04-20 19:43:52+0000,87.8,181.0,26.8,null,null,null,null,null,null
2023-04-25 08:20:35+0000,86.55,181.0,26.4,26.202528,50.625065,3.255598,1821.0,60.616116,10.0
2023-04-27 10:46:34+0000,87.95,181.0,26.8,26.597254,50.354282,3.2909818,1842.0,61.26673,10.0
2023-04-28 12:39:20+0000,86.4,181.0,26.3,26.07487,50.71264,3.2555776,1819.0,60.615738,10.0
2023-04-28 17:03:10+0000,86.6,181.0,26.4,25.936127,50.807816,3.2694008,1822.0,60.86991,10.0
2023-05-01 00:19:35+0000,88.35,181.0,26.9,26.523018,50.40521,3.3095095,1848.0,61.607403,10.0
2023-05-01 20:51:26+0000,87.45,181.0,26.6,26.072824,50.714043,3.2957065,1835.0,61.353607,10.0
2023-05-05 10:05:43+0000,86.0,181.0,26.2,25.713821,50.96032,3.2563407,1813.0,60.629772,10.0
2023-05-06 10:06:41+0000,86.5,181.0,26.4,26.029001,50.744106,3.261437,1821.0,60.723476,10.0
2023-05-07 10:11:56+0000,86.35,181.0,26.3,25.60172,51.03722,3.2747445,1818.0,60.96817,10.0
2023-05-07 22:46:52+0000,87.65,181.0,26.7,26.23832,50.600513,3.2958512,1838.0,61.356262,10.0
2023-05-08 08:31:32+0000,86.75,181.0,26.4,26.18131,50.63962,3.2641604,1824.0,60.773552,10.0
2023-05-08 08:32:04+0000,86.75,181.0,26.4,26.18131,50.63962,3.2641604,1824.0,60.773552,10.0
2023-05-08 20:20:56+0000,85.7,181.0,26.1,25.319818,51.230602,3.262262,1809.0,60.73865,10.0
2023-05-08 20:32:15+0000,85.55,181.0,26.1,25.23704,51.28739,3.260137,1807.0,60.699577,10.0
2023-05-09 09:11:09+0000,85.4,181.0,26.0,25.480429,51.120426,3.2436316,1804.0,60.396084,10.0
2023-05-09 15:13:42+0000,85.3,181.0,26.0,25.366808,51.198368,3.244787,1803.0,60.417328,10.0
2023-05-10 11:11:15+0000,85.95,181.0,26.2,25.855364,50.86322,3.2481499,1813.0,60.479164,10.0
2023-05-10 20:22:18+0000,85.75,181.0,26.1,25.146456,51.34953,3.271856,1810.0,60.91506,10.0
2023-05-11 13:59:24+0000,87.5,181.0,26.7,25.824783,50.884197,3.308808,1836.0,61.594505,10.0
2023-05-13 10:03:21+0000,86.6,181.0,26.4,25.951832,50.797043,3.2686994,1822.0,60.857014,10.0
2023-05-14 12:00:58+0000,85.65,181.0,26.1,25.628355,51.018948,3.2467058,1808.0,60.45261,10.0
2023-05-15 12:54:45+0000,86.2,181.0,26.3,null,null,null,null,null,null
2023-05-15 20:52:04+0000,86.55,181.0,26.4,25.793978,50.90533,3.2738369,1821.0,60.951477,10.0
2023-05-16 14:02:28+0000,84.9,181.0,25.9,25.117887,51.36913,3.2402892,1797.0,60.334625,10.0
2023-05-18 10:52:52+0000,85.5,181.0,26.0,25.63355,51.015385,3.2407224,1806.0,60.34259,10.0
2023-05-18 10:58:38+0000,85.15,181.0,25.9,25.435452,51.15128,3.2359977,1801.0,60.25572,10.0
2023-05-19 12:37:41+0000,85.35,181.0,26.0,25.336012,51.219498,3.2480674,1804.0,60.477646,10.0
2023-05-19 18:03:33+0000,85.85,181.0,26.2,25.750828,50.934933,3.2489545,1811.0,60.493958,10.0
2023-05-19 18:41:43+0000,85.7,181.0,26.1,25.549925,51.072754,3.2520905,1809.0,60.55162,10.0
2023-05-21 09:44:33+0000,85.5,181.0,26.0,25.48244,51.119045,3.2473865,1806.0,60.465126,10.0
2023-05-21 09:51:19+0000,85.4,181.0,26.0,25.44858,51.142273,3.2450345,1804.0,60.42188,10.0
2023-07-24 12:55:11+0000,84.65,181.0,25.8,24.862713,51.544178,3.2417746,1793.0,60.36194,10.0
2023-07-25 11:01:58+0000,84.65,181.0,25.8,25.264368,51.268642,3.2242374,1793.0,60.03948,10.0
2023-07-25 14:14:48+0000,85.35,181.0,26.0,25.08106,51.394394,3.2592912,1804.0,60.68402,10.0
2023-07-27 21:07:41+0000,86.35,181.0,26.3,25.396973,51.177677,3.2838638,1818.0,61.13585,10.0
2023-07-27 21:11:38+0000,86.05,181.0,26.2,25.272152,51.2633,3.27786,1814.0,61.025455,10.0
2023-08-08 08:59:14+0000,84.55,181.0,25.8,25.05297,51.413662,3.2296019,1792.0,60.13811,10.0
2023-08-09 09:34:48+0000,84.55,181.0,25.8,25.133398,51.35849,3.2260942,1792.0,60.07362,10.0
2023-08-11 12:23:17+0000,85.5,181.0,26.0,24.631445,51.702827,3.2849162,1806.0,61.155197,10.0
2023-08-14 18:44:57+0000,85.6,181.0,26.1,25.08725,51.39015,3.2686787,1807.0,60.856636,10.0
2023-08-21 07:03:51+0000,84.55,181.0,25.8,25.165567,51.336422,3.2246914,1792.0,60.047825,10.0
2023-08-24 08:38:40+0000,84.7,181.0,25.8,24.936346,51.493668,3.2404954,1794.0,60.338417,10.0
2023-08-27 11:35:05+0000,83.2,181.0,25.3,24.356112,51.89171,3.207319,1771.0,59.728394,10.0
2023-08-28 07:55:57+0000,82.0,181.0,25.0,24.11547,52.056786,3.1706767,1754.0,59.054638,10.0
2023-08-28 08:00:55+0000,81.85,181.0,24.9,24.02674,52.117657,3.1685517,1751.0,59.01556,10.0
2023-08-28 08:01:12+0000,81.65,181.0,24.9,23.9107,52.197258,3.1656013,1748.0,58.96131,9.0
2023-08-29 16:12:00+0000,83.15,181.0,25.3,24.346226,51.89849,3.2057924,1771.0,59.70032,10.0
2023-09-01 21:06:32+0000,82.9,181.0,25.3,24.025919,52.11822,3.2097332,1767.0,59.77278,10.0
2023-09-02 10:32:15+0000,82.15,181.0,25.0,23.79828,52.27438,3.1899884,1756.0,59.409725,10.0
2023-09-05 04:18:14+0000,83.05,181.0,25.3,24.350979,51.89523,3.2016866,1769.0,59.62483,10.0
2023-09-05 04:18:45+0000,83.05,181.0,25.3,24.34279,51.900845,3.2020373,1769.0,59.63128,10.0
2023-09-05 10:22:57+0000,82.35,181.0,25.1,24.103807,52.06479,3.1848714,1759.0,59.315643,10.0
2023-09-13 09:41:31+0000,83.3,181.0,25.4,24.351366,51.894962,3.211425,1773.0,59.80389,10.0
2023-09-14 00:13:55+0000,83.9,181.0,25.6,24.614883,51.71419,3.2234328,1782.0,60.02468,10.0
2023-09-15 10:22:28+0000,82.7,181.0,25.2,24.363585,51.88658,3.187492,1764.0,59.363823,10.0
2023-09-18 17:52:39+0000,83.1,181.0,25.3,24.483616,51.804237,3.1979523,1770.0,59.55616,10.0
2023-09-18 17:53:19+0000,83.1,181.0,25.3,24.483616,51.804237,3.1979523,1770.0,59.55616,10.0
2023-09-18 18:26:57+0000,82.75,181.0,25.2,24.184515,52.009422,3.1970856,1765.0,59.54023,10.0
2023-09-18 18:27:08+0000,82.65,181.0,25.2,null,null,null,null,null,null
2023-09-19 12:04:57+0000,82.25,181.0,25.1,24.141382,52.039013,3.1793628,1757.0,59.21435,10.0
2023-10-03 14:50:28+0000,82.8,181.0,25.2,24.178125,52.013805,3.199314,1766.0,59.5812,10.0
2023-10-05 19:59:15+0000,83.3,181.0,25.4,23.73912,52.314964,3.2377307,1773.0,60.287582,10.0
2023-10-13 14:37:28+0000,82.2,181.0,25.0,23.783802,52.284313,3.1925673,1757.0,59.457146,10.0
2023-10-16 18:08:24+0000,81.15,181.0,24.7,23.446318,52.515827,3.1654155,1741.0,58.957897,9.0
2023-10-16 18:15:52+0000,80.75,181.0,24.6,23.24246,52.655674,3.1581118,1735.0,58.8236,9.0
2023-10-17 14:20:45+0000,80.95,181.0,24.7,23.327839,52.597103,3.162465,1738.0,58.90365,9.0
2023-10-18 08:13:56+0000,80.4,181.0,24.5,23.216774,52.673294,3.14532,1730.0,58.588394,9.0
2023-10-19 08:22:31+0000,80.25,181.0,24.4,23.0907,52.75978,3.144598,1727.0,58.575115,9.0
2023-10-19 14:55:34+0000,80.9,181.0,24.6,23.401096,52.54685,3.1574311,1737.0,58.811085,9.0
2023-10-20 08:55:36+0000,80.35,181.0,24.5,23.028109,52.80272,3.1511588,1729.0,58.695755,9.0
2023-10-22 10:04:35+0000,79.95,181.0,24.4,22.786097,52.96874,3.1452582,1723.0,58.587254,9.0
2023-10-24 08:11:39+0000,81.6,181.0,24.9,23.625349,52.39301,3.175649,1748.0,59.146065,9.0
2023-10-26 13:19:51+0000,81.6,181.0,24.9,23.708683,52.335842,3.1721416,1748.0,59.081573,9.0
2023-10-26 13:29:08+0000,81.1,181.0,24.7,23.410463,52.54042,3.164941,1740.0,58.949173,9.0
2023-10-30 16:58:57+0000,80.75,181.0,24.6,23.24246,52.655674,3.1581118,1735.0,58.8236,9.0
2023-11-03 19:30:56+0000,81.2,181.0,24.7,23.230892,52.66361,3.1764123,1742.0,59.1601,9.0
2023-11-07 10:58:41+0000,82.7,181.0,25.2,24.133356,52.044518,3.1973126,1764.0,59.5444,10.0
2023-11-10 19:04:49+0000,83.35,181.0,25.4,24.20622,51.994534,3.219616,1774.0,59.9545,10.0
2023-11-14 10:03:44+0000,83.1,181.0,25.3,24.442701,51.832306,3.1997058,1770.0,59.588406,10.0
2023-11-22 17:44:41+0000,83.2,181.0,25.3,24.274382,51.947773,3.2108266,1771.0,59.792885,10.0
2024-02-08 14:35:18+0000,81.35,181.0,24.8,23.697708,52.343372,3.1627643,1735.0,58.90915,10.0
2024-02-08 14:39:21+0000,81.35,181.0,24.8,23.67263,52.360577,3.1638167,1735.0,58.928497,10.0
2024-02-09 13:55:15+0000,87.65,181.0,26.7,26.765644,50.23877,3.2720108,1829.0,60.917904,10.0
2024-02-12 10:19:43+0000,87.45,181.0,26.6,26.329199,50.53817,3.2841425,1826.0,61.140972,10.0
2024-02-14 18:55:23+0000,88.05,181.0,26.8,26.566822,50.37516,3.2961502,1835.0,61.361763,10.0
2024-02-21 17:19:30+0000,87.0,181.0,26.5,26.191824,50.63241,3.2732074,1819.0,60.939907,10.0
2024-02-22 21:47:43+0000,84.7,181.0,25.8,24.976252,51.466293,3.238752,1785.0,60.306362,10.0
2024-02-25 15:52:35+0000,84.05,181.0,25.6,25.096594,51.383736,3.208382,1775.0,59.747932,10.0
2024-02-25 15:53:12+0000,84.15,181.0,25.6,25.147577,51.348763,3.2100322,1777.0,59.778282,10.0
2024-02-29 20:19:21+0000,85.85,181.0,26.2,26.083267,50.70688,3.2342336,1802.0,60.223278,10.0
2024-03-01 08:48:30+0000,84.65,181.0,25.8,25.665785,50.99327,3.2067106,1784.0,59.717205,10.0
2024-03-01 20:07:53+0000,84.65,181.0,25.8,25.248064,51.279827,3.2249494,1784.0,60.052567,10.0
2024-03-11 19:20:24+0000,81.9,181.0,24.9,24.103159,52.06523,3.1672828,1743.0,58.992233,10.0
2024-03-14 08:47:48+0000,88.1,181.0,26.8,26.690676,50.290195,3.2924159,1836.0,61.2931,10.0
2024-05-17 07:31:09+0000,86.05,181.0,26.2,25.93572,50.808094,3.2484078,1805.0,60.483906,10.0
2024-05-18 20:21:55+0000,86.6,181.0,26.4,25.849522,50.86723,3.2732694,1813.0,60.941044,10.0
2024-05-19 05:53:32+0000,85.95,181.0,26.2,26.076654,50.711414,3.2383394,1804.0,60.298775,10.0
2024-05-19 20:14:23+0000,83.5,181.0,25.4,null,null,null,null,null,null
2024-05-22 17:31:54+0000,82.5,181.0,25.1,null,null,null,null,null,null
2024-05-23 07:25:00+0000,85.95,181.0,26.2,26.05292,50.727695,3.2393916,1804.0,60.318123,10.0
2024-05-28 08:07:56+0000,85.65,181.0,26.1,25.620184,51.024555,3.2470667,1799.0,60.459248,10.0
2024-06-03 19:07:57+0000,85.2,181.0,26.0,25.04517,51.419014,3.2550719,1792.0,60.60644,10.0
2024-06-04 08:40:44+0000,84.75,181.0,25.8,25.442934,51.14615,3.2202864,1786.0,59.966827,10.0
2024-06-06 07:19:05+0000,85.25,181.0,26.0,25.493122,51.111717,3.2373078,1793.0,60.279804,10.0
2024-06-12 08:11:27+0000,84.8,181.0,25.8,25.427933,51.156437,3.2228653,1786.0,60.014248,10.0
2024-06-13 17:37:08+0000,85.05,181.0,25.9,24.969416,51.47098,3.2525961,1790.0,60.560917,10.0
2024-07-03 09:47:49+0000,85.65,181.0,26.1,25.596365,51.040894,3.2481189,1799.0,60.478596,10.0
2024-07-04 16:11:40+0000,85.75,181.0,26.1,25.399984,51.17561,3.2606425,1801.0,60.70887,10.0
2024-07-06 16:34:54+0000,85.15,181.0,25.9,25.29147,51.25005,3.2423215,1792.0,60.371994,10.0
2024-07-06 20:57:25+0000,84.6,181.0,25.8,25.150455,51.346786,3.2272806,1783.0,60.095432,10.0
2024-07-07 06:57:25+0000,84.05,181.0,25.6,24.942877,51.489185,3.215046,1775.0,59.87047,10.0
2024-07-09 12:43:58+0000,85.2,181.0,26.0,25.63578,51.013855,3.229117,1792.0,60.129196,10.0
2024-07-10 07:40:54+0000,85.2,181.0,26.0,25.619818,51.024803,3.2298183,1792.0,60.142094,10.0
2024-07-12 07:19:23+0000,84.75,181.0,25.8,25.12199,51.366314,3.234316,1786.0,60.224796,10.0
2024-07-12 09:49:12+0000,84.3,181.0,25.7,25.328691,51.224518,3.2079484,1779.0,59.739967,10.0
2024-07-16 10:36:45+0000,84.4,181.0,25.7,25.145601,51.350117,3.2197707,1780.0,59.957344,10.0
2024-07-18 08:58:52+0000,84.45,181.0,25.7,25.179024,51.32719,3.2202451,1781.0,59.96607,10.0
2024-07-18 09:06:09+0000,83.85,181.0,25.5,24.65365,51.687595,3.219812,1772.0,59.958103,10.0
2024-07-18 16:47:16+0000,84.05,181.0,25.6,24.748707,51.622387,3.2234638,1775.0,60.02525,10.0
2024-07-18 18:53:10+0000,83.8,181.0,25.5,24.514185,51.783268,3.223897,1771.0,60.03322,10.0
2024-07-19 10:32:32+0000,84.8,181.0,25.8,25.275576,51.260956,3.2295296,1786.0,60.136784,10.0
2024-07-29 05:19:17+0000,84.95,181.0,25.9,25.302984,51.242153,3.2341099,1789.0,60.221004,10.0
2024-07-31 12:37:59+0000,84.2,181.0,25.7,24.809603,51.580612,3.226641,1777.0,60.08367,10.0
2024-08-01 18:17:39+0000,84.4,181.0,25.7,24.71053,51.64858,3.2387109,1780.0,60.305603,10.0
2024-08-02 14:16:57+0000,84.85,181.0,25.8,25.05231,51.414116,3.2412279,1787.0,60.351887,10.0
2024-08-03 09:42:53+0000,85.1,181.0,25.9,25.20245,51.31112,3.244302,1791.0,60.408413,10.0
2024-08-05 16:41:15+0000,85.8,181.0,26.1,null,null,null,null,null,null
2024-08-07 19:02:48+0000,84.75,181.0,25.8,25.065825,51.404846,3.2367713,1786.0,60.269943,10.0
2024-08-11 07:41:09+0000,83.95,181.0,25.6,24.964485,51.474365,3.2102385,1774.0,59.782074,10.0
2024-08-15 11:36:21+0000,84.6,181.0,25.8,24.861094,51.545288,3.2399075,1783.0,60.327606,10.0
2024-08-19 11:29:55+0000,84.45,181.0,25.7,24.840836,51.55919,3.2349763,1781.0,60.236935,10.0
2024-08-30 17:22:13+0000,83.2,181.0,25.3,23.840967,52.2451,3.2294264,1763.0,60.134888,10.0
2024-08-31 15:14:03+0000,83.5,181.0,25.4,24.309086,51.92397,3.2210498,1767.0,59.980865,10.0
2024-09-01 14:27:36+0000,82.25,181.0,25.1,23.661625,52.368126,3.1997163,1748.0,59.588596,10.0
2024-09-01 21:09:01+0000,82.25,181.0,25.1,24.579315,51.73859,3.1607838,1748.0,58.87273,10.0
2024-09-02 07:26:25+0000,81.1,181.0,24.7,23.728836,52.322018,3.151623,1731.0,58.70429,10.0
2024-09-02 14:41:12+0000,81.7,181.0,24.9,23.770973,52.293114,3.1734517,1740.0,59.10566,10.0
2024-09-03 07:17:47+0000,81.85,181.0,24.9,23.752335,52.3059,3.1801364,1742.0,59.228577,10.0
2024-09-03 18:38:19+0000,82.95,181.0,25.3,23.798054,52.274536,3.2214417,1759.0,59.98807,10.0
2024-09-03 21:20:41+0000,82.95,181.0,25.3,24.216137,51.987732,3.2035537,1759.0,59.65916,10.0
2024-09-04 07:14:47+0000,81.7,181.0,24.9,23.829235,52.253143,3.1709964,1740.0,59.060516,10.0
2024-09-04 12:54:16+0000,81.2,181.0,24.7,23.507002,52.474197,3.164848,1733.0,58.947464,10.0
2024-09-05 07:12:18+0000,82.9,181.0,25.3,24.00107,52.135265,3.2107956,1758.0,59.79232,10.0
2024-09-09 22:14:23+0000,82.8,181.0,25.2,24.317497,51.918198,3.1933618,1757.0,59.471752,10.0
2024-09-10 13:58:42+0000,82.0,181.0,25.0,23.99913,52.136597,3.1755974,1745.0,59.145115,10.0
2024-09-11 15:36:35+0000,83.05,181.0,25.3,24.088726,52.075134,3.212921,1760.0,59.831394,10.0
2024-09-13 09:08:09+0000,82.0,181.0,25.0,23.891325,52.210552,3.1801572,1745.0,59.22896,10.0
2024-09-15 14:56:59+0000,81.25,181.0,24.8,23.35026,52.581722,3.17339,1733.0,59.104523,10.0
2024-09-16 07:04:11+0000,81.7,181.0,24.9,23.596188,52.413017,3.1808174,1740.0,59.241096,10.0
2024-09-16 10:19:40+0000,81.35,181.0,24.8,23.438581,52.521133,3.1736374,1735.0,59.109077,10.0
2024-09-16 10:20:30+0000,81.35,181.0,24.8,23.438581,52.521133,3.1736374,1735.0,59.109077,10.0
2024-09-17 08:12:03+0000,80.95,181.0,24.7,23.453594,52.510834,3.1572144,1729.0,58.8071,10.0
2024-09-18 15:53:59+0000,82.0,181.0,25.0,23.559618,52.438103,3.194187,1745.0,59.486927,10.0
2024-09-22 09:02:48+0000,81.0,181.0,24.7,23.388748,52.555317,3.161898,1730.0,58.893215,10.0
2024-09-23 11:09:49+0000,81.0,181.0,24.7,23.632206,52.388306,3.1517262,1730.0,58.70619,10.0
2024-09-23 15:39:16+0000,80.85,181.0,24.6,null,null,null,null,null,null
2024-09-24 12:20:06+0000,80.75,181.0,24.6,23.174843,52.702057,3.160928,1726.0,58.875385,10.0
2024-09-25 08:41:20+0000,82.2,181.0,25.0,23.767014,52.29583,3.193279,1748.0,59.470234,10.0
2024-09-26 08:47:31+0000,81.3,181.0,24.8,23.570095,52.430916,3.1661482,1734.0,58.971367,10.0
2024-09-26 10:37:54+0000,80.85,181.0,24.6,23.112535,52.7448,3.167489,1727.0,58.996025,10.0
2024-09-28 18:59:56+0000,80.15,181.0,24.4,null,null,null,null,null,null
2024-10-01 09:42:49+0000,82.7,181.0,25.2,24.248228,51.965714,3.1924126,1755.0,59.4543,10.0
2024-10-02 08:59:23+0000,80.05,181.0,24.4,23.105669,52.74951,3.136046,1716.0,58.41787,9.0
2024-10-03 16:44:31+0000,83.3,181.0,25.4,23.991941,52.14153,3.2268682,1764.0,60.087845,10.0
2024-10-04 09:10:58+0000,82.0,181.0,25.0,23.824984,52.25606,3.1829631,1745.0,59.280552,10.0
2024-10-20 10:01:40+0000,80.75,181.0,24.6,23.22537,52.667397,3.1588237,1726.0,58.83669,10.0
2024-10-20 19:54:22+0000,79.75,181.0,24.3,22.399607,53.23387,3.153191,1711.0,58.733124,9.0
2024-10-21 14:37:49+0000,80.4,181.0,24.5,22.971252,52.84172,3.1555018,1721.0,58.77561,9.0
2024-10-22 07:37:19+0000,81.25,181.0,24.8,23.157768,52.71377,3.181457,1733.0,59.252857,10.0
2024-10-23 14:39:26+0000,79.75,181.0,24.3,22.450766,53.198772,3.1510866,1711.0,58.694427,9.0
2024-10-26 08:40:25+0000,81.55,181.0,24.8,23.414454,52.537685,3.1825504,1738.0,59.272964,10.0
2024-10-26 14:30:22+0000,80.15,181.0,24.4,22.381144,53.246536,3.169965,1717.0,59.04155,9.0
2024-10-28 21:42:14+0000,82.1,181.0,25.0,23.43153,52.52597,3.203554,1746.0,59.65916,10.0
2024-11-03 09:05:34+0000,79.95,181.0,24.4,22.768837,52.98058,3.1459699,1714.0,58.60034,9.0
2024-11-05 12:15:19+0000,80.5,181.0,24.5,22.942717,52.861298,3.16066,1722.0,58.870453,10.0
2024-11-05 16:02:43+0000,80.0,181.0,24.4,22.576107,53.11279,3.1559145,1715.0,58.7832,9.0
2024-11-06 20:02:36+0000,81.5,181.0,24.8,23.495565,52.48204,3.1771655,1737.0,59.17395,10.0
2024-11-07 09:16:17+0000,80.95,181.0,24.7,23.167986,52.70676,3.1691396,1729.0,59.026375,10.0
2024-11-07 17:25:16+0000,80.45,181.0,24.5,22.787924,52.967484,3.1650958,1721.0,58.95202,10.0
2024-11-11 10:45:24+0000,79.9,181.0,24.3,22.774576,52.97664,3.1437416,1713.0,58.559372,9.0
2024-11-11 22:57:41+0000,80.1,181.0,24.4,22.420582,53.219482,3.1663337,1716.0,58.97478,9.0
2024-11-12 10:23:43+0000,79.85,181.0,24.3,22.618517,53.0837,3.1481776,1713.0,58.640934,9.0
2024-11-13 10:10:55+0000,79.6,181.0,24.2,22.475986,53.181473,3.144051,1709.0,58.565063,9.0
2024-11-14 08:41:44+0000,79.75,181.0,24.3,22.501926,53.163677,3.1489823,1711.0,58.65573,9.0
2024-11-14 08:41:49+0000,79.75,181.0,24.3,22.501926,53.163677,3.1489823,1711.0,58.65573,9.0
2024-11-15 09:22:43+0000,80.15,181.0,24.4,22.720509,53.013733,3.1559353,1717.0,58.78358,9.0
2024-11-16 15:28:27+0000,79.85,181.0,24.3,22.754772,52.990227,3.1425657,1713.0,58.537746,9.0
2024-11-16 17:03:36+0000,78.5,181.0,23.9,21.93336,53.553715,3.1220367,1692.0,58.16028,9.0
2024-11-17 10:22:24+0000,80.45,181.0,24.5,23.024593,52.80513,3.1552749,1721.0,58.77144,10.0
2024-11-18 09:58:08+0000,80.05,181.0,24.4,22.680933,53.04088,3.1535833,1716.0,58.74033,9.0
2024-11-19 11:58:21+0000,79.2,181.0,24.1,22.331924,53.2803,3.1339414,1703.0,58.379173,9.0
2024-11-19 22:46:05+0000,79.35,181.0,24.2,22.401115,53.232834,3.1371188,1705.0,58.437595,9.0
2024-11-20 09:15:02+0000,78.7,181.0,24.0,22.059065,53.46748,3.1249871,1695.0,58.214527,9.0
2024-11-21 08:45:13+0000,79.05,181.0,24.1,22.23667,53.345646,3.1318164,1701.0,58.3401,9.0
2024-11-24 11:17:49+0000,78.55,181.0,23.9,22.049252,53.474213,3.1193547,1693.0,58.110962,9.0
2024-11-24 14:48:38+0000,78.2,181.0,23.8,21.67837,53.728638,3.1202419,1688.0,58.12727,9.0
2024-11-24 14:51:12+0000,78.05,181.0,23.8,21.58935,53.789707,3.1177661,1686.0,58.08175,9.0
2024-11-27 07:48:07+0000,79.85,181.0,24.3,null,null,null,null,null,null
2024-11-28 11:36:12+0000,78.5,181.0,23.9,21.950684,53.541832,3.1213353,1692.0,58.147377,9.0
2024-12-10 16:01:33+0000,78.65,181.0,24.0,22.029863,53.487514,3.124162,1695.0,58.199352,9.0
2024-12-11 10:22:02+0000,79.15,181.0,24.1,22.30308,53.300087,3.1331162,1702.0,58.364,9.0
2024-12-13 15:21:10+0000,78.6,181.0,23.9,21.76703,53.667816,3.1328068,1694.0,58.358307,9.0
2024-12-15 17:53:01+0000,79.5,181.0,24.2,22.393064,53.238358,3.143453,1707.0,58.55406,9.0
2024-12-17 23:05:47+0000,79.3,181.0,24.2,22.252317,53.33491,3.1412039,1704.0,58.51271,9.0
2024-12-18 12:57:43+0000,79.3,181.0,24.2,22.218018,53.35844,3.142607,1704.0,58.53851,9.0
2024-12-19 10:39:22+0000,79.15,181.0,24.1,22.225758,53.35313,3.136273,1702.0,58.422043,9.0
2024-12-19 12:45:22+0000,79.05,181.0,24.1,22.262476,53.32794,3.1307642,1701.0,58.32075,9.0
2024-12-20 10:57:08+0000,79.35,181.0,24.2,22.418255,53.221077,3.1364174,1705.0,58.424698,9.0
2024-12-21 18:08:51+0000,78.3,181.0,23.9,21.945961,53.54507,3.1134746,1689.0,58.002842,9.0
2024-12-24 11:33:54+0000,78.95,181.0,24.0,21.928923,53.55676,3.1403372,1699.0,58.496777,9.0
2024-12-26 11:10:20+0000,78.9,181.0,24.0,21.925585,53.559048,3.13846,1698.0,58.462254,9.0
2024-12-26 14:29:32+0000,78.45,181.0,23.9,21.869324,53.597645,3.1226144,1692.0,58.1709,9.0
2024-12-26 20:33:18+0000,78.0,181.0,23.8,21.446264,53.887863,3.1215005,1685.0,58.150414,9.0
2024-12-26 23:07:46+0000,78.0,181.0,23.8,null,null,null,null,null,null
2024-12-27 10:01:55+0000,77.0,181.0,23.5,21.29206,53.99365,3.087107,1670.0,57.518005,9.0
2024-12-27 11:40:11+0000,77.55,181.0,23.6,21.640862,53.754368,3.0954835,1678.0,57.67203,9.0
2024-12-28 18:35:28+0000,78.3,181.0,23.9,21.902538,53.57486,3.1152284,1689.0,58.035088,9.0
2024-12-28 18:35:39+0000,78.2,181.0,23.8,null,null,null,null,null,null
2024-12-29 11:25:28+0000,78.6,181.0,23.9,22.00927,53.50164,3.1229858,1694.0,58.177727,9.0
2024-12-29 13:50:39+0000,79.0,181.0,24.1,22.18188,53.38323,3.1320434,1700.0,58.34427,9.0
2024-12-30 11:53:48+0000,76.45,181.0,23.3,20.529083,54.517048,3.0948644,1662.0,57.66065,9.0
2024-12-31 11:59:14+0000,78.4,181.0,23.9,21.657764,53.742775,3.129155,1691.0,58.29116,9.0
2025-01-02 14:27:16+0000,77.1,181.0,23.5,21.202705,54.054943,3.0947201,1672.0,57.657993,9.0
2025-01-06 10:44:47+0000,77.7,181.0,23.7,21.520315,53.837063,3.1063771,1680.0,57.872337,9.0
2025-01-07 20:42:55+0000,76.95,181.0,23.4,21.120317,54.11146,3.0918934,1669.0,57.606018,9.0
2025-01-08 09:18:01+0000,76.95,181.0,23.4,21.120317,54.11146,3.0918934,1669.0,57.606018,9.0
2025-01-08 09:19:22+0000,76.7,181.0,23.4,20.967516,54.216286,3.087767,1666.0,57.530148,9.0
2025-01-09 16:04:47+0000,76.5,181.0,23.3,20.81789,54.318928,3.0855181,1663.0,57.488796,9.0
2025-01-09 16:05:06+0000,76.5,181.0,23.3,20.800112,54.331123,3.0862195,1663.0,57.501694,9.0
2025-01-11 16:52:19+0000,75.55,181.0,23.0,20.008587,54.874107,3.0782557,1648.0,57.35526,9.0
2025-01-13 22:01:14+0000,76.85,181.0,23.4,20.687685,54.40825,3.104974,1668.0,57.84654,9.0
2025-01-13 22:01:46+0000,76.65,181.0,23.3,20.564236,54.492935,3.1016731,1665.0,57.785843,9.0
2025-01-16 17:28:20+0000,76.35,181.0,23.3,20.386753,54.61469,3.0963705,1660.0,57.688343,9.0
2025-01-18 08:57:06+0000,76.35,181.0,23.3,20.404566,54.602467,3.095669,1660.0,57.675446,9.0
2025-01-20 11:19:19+0000,75.1,181.0,22.9,19.902111,54.94715,3.0638132,1642.0,57.0897,9.0
2025-01-23 11:54:05+0000,75.65,181.0,23.0,20.072025,54.83059,3.0799062,1650.0,57.38561,9.0
2025-01-24 13:58:49+0000,77.55,181.0,23.6,21.386574,53.92881,3.105655,1678.0,57.85906,9.0
2025-01-26 13:00:36+0000,75.4,181.0,23.0,20.039373,54.85299,3.0708694,1646.0,57.219444,9.0
2025-01-27 12:06:35+0000,74.65,181.0,22.7,19.466427,55.246033,3.0619977,1635.0,57.056316,9.0
2025-01-27 23:15:31+0000,74.65,181.0,22.7,19.448208,55.25853,3.0626993,1635.0,57.069214,9.0
2025-01-28 08:48:39+0000,74.05,181.0,22.6,19.348667,55.326813,3.041572,1626.0,56.680744,9.0
2025-01-29 15:39:29+0000,74.65,181.0,22.7,19.457317,55.25228,3.0623484,1635.0,57.062767,9.0
2025-01-30 08:01:57+0000,73.5,181.0,22.4,18.929096,55.61464,3.0345984,1618.0,56.552517,9.0
2025-01-31 17:00:16+0000,73.45,181.0,22.4,18.877174,55.650257,3.0344746,1617.0,56.55024,9.0
2025-02-02 09:47:39+0000,73.85,181.0,22.5,19.253468,55.39212,3.036878,1614.0,56.594437,9.0
2025-02-03 09:04:15+0000,73.6,181.0,22.4,19.07865,55.512047,3.0331025,1610.0,56.52501,9.0
2025-02-03 13:26:06+0000,73.35,181.0,22.3,18.893368,55.63915,3.0296776,1607.0,56.462036,9.0
2025-02-04 13:28:15+0000,72.8,181.0,22.2,18.372923,55.996174,3.0262115,1598.0,56.398304,8.0
2025-02-05 14:59:57+0000,74.15,181.0,22.6,19.258108,55.38894,3.0491955,1619.0,56.82092,9.0
2025-02-06 10:29:57+0000,73.15,181.0,22.3,18.712627,55.763138,3.0281303,1604.0,56.433582,9.0
2025-02-08 17:06:13+0000,72.55,181.0,22.1,18.201912,56.113487,3.0220852,1595.0,56.32243,8.0
2025-02-09 09:56:04+0000,71.8,181.0,21.9,17.95639,56.281918,2.9995344,1583.0,55.90778,8.0
2025-02-09 09:58:20+0000,71.75,181.0,21.9,17.921515,56.305843,2.998709,1583.0,55.892605,8.0
2025-02-10 20:13:50+0000,74.45,181.0,22.7,18.92476,55.617615,3.0744903,1623.0,57.286022,9.0
2025-02-11 08:46:53+0000,74.15,181.0,22.6,19.239767,55.40152,3.049897,1619.0,56.833817,9.0
2025-02-12 18:36:53+0000,72.7,181.0,22.1,18.304655,56.043007,3.024561,1597.0,56.36795,8.0
2025-02-13 11:26:06+0000,72.75,181.0,22.2,18.338812,56.019573,3.025386,1598.0,56.38313,8.0
2025-02-15 12:18:47+0000,74.15,181.0,22.6,19.230597,55.40781,3.0502477,1619.0,56.840267,9.0
2025-02-17 08:32:26+0000,72.8,181.0,22.2,18.391603,55.98336,3.02551,1598.0,56.385406,8.0
2025-02-18 12:22:57+0000,72.1,181.0,22.0,17.985416,56.262005,3.0111501,1588.0,56.121365,8.0
2025-02-19 08:15:15+0000,71.75,181.0,21.9,17.912037,56.312344,2.9990597,1583.0,55.899055,8.0
2025-02-20 09:19:46+0000,71.4,181.0,21.7,17.542698,56.56571,2.9978426,1578.0,55.87667,8.0
2025-02-20 12:43:34+0000,71.4,181.0,21.7,17.542698,56.56571,2.9978426,1578.0,55.87667,8.0
2025-02-21 08:37:08+0000,72.35,181.0,22.0,18.14884,56.149895,3.0156271,1592.0,56.203686,8.0
2025-02-22 09:54:24+0000,72.75,181.0,22.2,18.357508,56.006752,3.0246847,1598.0,56.370228,8.0
2025-02-22 10:01:11+0000,72.75,181.0,22.2,18.338812,56.019573,3.025386,1598.0,56.38313,8.0
2025-02-23 10:55:14+0000,72.45,181.0,22.1,18.133175,56.16064,3.0204344,1593.0,56.29208,8.0
2025-02-24 14:02:00+0000,73.15,181.0,22.3,18.68474,55.78227,3.0291824,1604.0,56.45293,9.0
2025-02-26 13:09:31+0000,72.5,181.0,22.1,18.167566,56.13705,3.0212598,1594.0,56.307255,8.0
2025-02-27 13:02:16+0000,73.05,181.0,22.2,18.579996,55.854122,3.028935,1602.0,56.44838,9.0
2025-03-06 08:12:53+0000,73.2,181.0,22.3,18.662683,55.797398,3.0321121,1604.0,56.5068,9.0
2025-03-07 08:34:07+0000,72.1,181.0,22.0,17.92883,56.300823,3.0132546,1588.0,56.160057,8.0
2025-03-07 20:38:54+0000,72.15,181.0,22.0,17.991804,56.25762,3.0130277,1589.0,56.155888,8.0
2025-03-10 09:54:52+0000,72.4,181.0,22.0,18.155092,56.145607,3.0175047,1592.0,56.23821,8.0
2025-03-11 09:20:05+0000,71.45,181.0,21.8,17.578005,56.54149,2.9986677,1578.0,55.891846,8.0
2025-03-12 08:32:37+0000,71.1,181.0,21.7,17.435001,56.63959,2.9890325,1573.0,55.71468,8.0
2025-03-13 09:20:03+0000,71.3,181.0,21.7,17.567305,56.54883,2.9926846,1576.0,55.78183,8.0
2025-03-13 15:43:59+0000,70.45,181.0,21.5,16.881596,57.019226,2.9814606,1563.0,55.57545,7.0
2025-03-13 19:58:13+0000,67.2,173.0,22.4,18.560581,55.867443,2.7839286,1521.0,51.94336,8.0
2025-03-13 20:00:25+0000,71.6,181.0,21.8,17.303751,56.729626,3.0151734,1581.0,56.19534,8.0
2025-03-13 20:07:25+0000,79.45,185.0,23.2,20.352919,54.637897,3.2250571,1704.0,60.054546,9.0
2025-03-14 15:00:46+0000,70.25,181.0,21.4,16.745745,57.11242,2.9778087,1560.0,55.508305,7.0
2025-03-14 15:03:26+0000,70.25,181.0,21.4,16.755424,57.105778,2.977458,1560.0,55.501854,7.0
2025-03-15 22:36:11+0000,70.4,181.0,21.4,16.642452,57.183277,2.988001,1563.0,55.695713,7.0
2025-03-18 09:19:03+0000,73.1,181.0,22.3,18.297518,56.0479,3.0416853,1603.0,56.682827,9.0
2025-03-19 08:21:37+0000,73.55,181.0,22.4,18.536898,55.88369,3.0515683,1610.0,56.864548,9.0
2025-03-20 15:13:58+0000,71.65,181.0,21.8,17.377092,56.679314,3.0145957,1581.0,56.18472,8.0
2025-03-22 15:11:06+0000,71.65,181.0,21.8,17.386583,56.672802,3.014245,1581.0,56.17827,8.0
2025-03-25 14:18:38+0000,72.65,181.0,22.1,18.092617,56.188465,3.0303998,1596.0,56.475315,8.0
2025-03-25 18:27:37+0000,72.25,181.0,22.0,17.63749,56.500683,3.0304618,1590.0,56.47645,8.0
2025-03-28 11:56:08+0000,71.1,181.0,21.7,17.215029,56.79049,2.9970996,1573.0,55.863014,8.0
2025-03-29 11:18:48+0000,70.95,181.0,21.6,17.136412,56.84442,2.9935715,1571.0,55.79814,8.0
2025-03-31 10:35:57+0000,71.4,181.0,21.7,17.247461,56.76824,3.0087156,1578.0,56.0766,8.0
2025-03-31 17:36:55+0000,72.45,181.0,22.1,17.757742,56.41819,3.0344641,1593.0,56.55005,8.0
2025-04-01 12:33:54+0000,72.0,181.0,21.9,17.538176,56.568813,3.0235293,1586.0,56.348984,8.0
2025-04-07 16:27:54+0000,71.7,181.0,21.8,17.421875,56.648594,3.0150702,1582.0,56.193443,8.0
2025-04-08 08:45:42+0000,70.4,181.0,21.4,16.652113,57.17665,2.9876504,1563.0,55.689262,7.0
2025-04-08 12:50:52+0000,69.45,181.0,21.1,16.06722,57.57789,2.967761,1548.0,55.32355,7.0
2025-04-15 08:47:23+0000,72.8,181.0,22.2,18.102043,56.182,3.0363832,1598.0,56.58533,8.0
2025-04-20 08:52:44+0000,73.0,181.0,22.2,18.229433,56.09461,3.040035,1601.0,56.652477,9.0
2025-04-22 10:39:44+0000,71.6,181.0,21.8,17.427214,56.64493,3.0106137,1581.0,56.1115,8.0
2025-04-23 15:55:38+0000,71.5,181.0,21.8,17.385015,56.673878,3.007911,1579.0,56.061802,8.0
2025-04-24 10:53:57+0000,71.4,181.0,21.7,17.304604,56.729042,3.006611,1578.0,56.037903,8.0
2025-04-25 16:34:00+0000,72.35,181.0,22.0,17.669502,56.47872,3.0335152,1592.0,56.532597,8.0
2025-04-26 10:47:09+0000,70.6,181.0,21.5,16.816835,57.063652,2.9902499,1566.0,55.737064,7.0
2025-04-30 19:17:03+0000,70.85,181.0,21.6,16.939852,56.97926,2.9964807,1569.0,55.85163,7.0
2025-05-01 09:25:26+0000,71.0,181.0,21.6,17.095613,56.87241,2.9972029,1572.0,55.86491,8.0
2025-05-06 10:46:12+0000,72.4,181.0,22.0,17.72305,56.44199,3.033639,1592.0,56.534874,8.0
2025-05-07 19:48:14+0000,72.6,181.0,22.1,17.889648,56.3277,3.035888,1595.0,56.576225,8.0
2025-05-08 08:27:00+0000,71.95,181.0,21.9,17.83389,56.36595,3.010428,1586.0,56.108086,8.0
2025-05-11 08:31:56+0000,72.65,181.0,22.1,17.961578,56.27836,3.0353103,1596.0,56.565605,8.0
2025-05-11 17:28:30+0000,71.25,181.0,21.7,17.264683,56.756428,3.0016801,1575.0,55.947235,8.0
2025-05-12 07:58:26+0000,71.2,181.0,21.7,17.229052,56.780872,3.0008547,1575.0,55.932056,8.0
2025-05-12 15:27:24+0000,71.4,181.0,21.7,17.352222,56.696377,3.0048573,1578.0,56.005657,8.0
2025-05-13 07:10:37+0000,71.1,181.0,21.7,17.348925,56.69864,2.9921894,1573.0,55.772724,8.0
2025-05-13 07:18:25+0000,71.1,181.0,21.7,17.339361,56.7052,2.9925401,1573.0,55.779175,8.0
2025-05-19 20:31:50+0000,71.15,181.0,21.7,17.35585,56.693886,2.994067,1574.0,55.807247,8.0
2025-05-23 07:33:20+0000,71.8,181.0,21.9,17.729092,56.437843,3.0079522,1583.0,56.06256,8.0
2025-05-27 08:07:46+0000,70.55,181.0,21.5,17.050444,56.903397,2.9796038,1565.0,55.54131,7.0
2025-05-28 16:52:39+0000,70.1,181.0,21.3,16.558468,57.24089,2.978139,1558.0,55.514374,7.0
2025-06-01 21:55:32+0000,70.7,181.0,21.5,16.966173,56.961205,2.9890945,1567.0,55.715816,7.0
2025-06-03 15:03:57+0000,69.35,181.0,21.1,16.247274,57.45437,2.9569912,1547.0,55.125523,7.0
2025-06-04 15:18:48+0000,69.55,181.0,21.2,16.347214,57.38581,2.962046,1550.0,55.218468,7.0
2025-06-06 14:40:06+0000,69.75,181.0,21.2,15.822633,57.745674,2.9895484,1553.0,55.724167,7.0
2025-06-06 14:40:39+0000,69.75,181.0,21.2,15.822633,57.745674,2.9895484,1553.0,55.724167,7.0
2025-06-12 13:00:49+0000,70.0,181.0,21.3,16.038124,57.597847,2.9926226,1557.0,55.780693,7.0
2025-06-16 10:06:45+0000,69.0,181.0,21.0,15.531429,57.94544,2.9673483,1542.0,55.315964,7.0
2025-06-20 18:11:12+0000,68.85,181.0,21.0,15.357859,58.06451,2.966977,1539.0,55.309135,6.0
2025-06-23 11:04:29+0000,68.8,181.0,21.0,15.97193,57.643257,2.9430027,1539.0,54.868313,6.0
2025-06-24 19:05:53+0000,68.65,181.0,20.9,15.204496,58.169716,2.963676,1537.0,55.24844,6.0
2025-08-04 17:39:00+0000,72.65,181.0,22.1,17.605902,56.52235,3.0486386,1596.0,56.810677,8.0
2025-08-09 18:38:49+0000,70.75,181.0,21.5,16.963797,56.962837,2.9913228,1568.0,55.75679,7.0
2025-08-23 19:05:23+0000,71.1,181.0,21.7,16.928108,56.987316,3.007622,1573.0,56.05649,8.0
2025-08-25 08:02:56+0000,70.1,181.0,21.3,16.16075,57.513725,2.9925194,1558.0,55.778793,7.0
2025-08-31 20:58:03+0000,71.5,181.0,21.8,17.394526,56.667355,3.0075603,1579.0,56.055355,8.0
2025-09-19 08:18:02+0000,72.2,181.0,22.0,17.913414,56.311398,3.0180619,1589.0,56.24845,8.0
